id,display_name,filename,size,type
1,LT_AL_Elsmore_NIckell.jpeg,sample.jpg,16,image/jpeg
2,LT_AL_Elsmore_NIckell.pdf,sample.pdf,36,application/pdf
3,LT_AN_Colony_Tinsley.jpeg,sample.jpg,16,image/jpeg
4,LT_AN_Colony_Tinsley.pdf,sample.pdf,36,application/pdf
5,LT_AN_Kincaid_Starkey.jpeg,sample.jpg,16,image/jpeg
6,LT_AN_Kincaid_Starkey.pdf,sample.pdf,36,application/pdf
7,LT_AN_StBonifaceScipio_Stevenson.jpeg,sample.jpg,16,image/jpeg
8,LT_AN_StBonifaceScipio_Stevenson.pdf,sample.pdf,36,application/pdf
9,LT_AT_Atchison_Franklin.jpeg,sample.jpg,16,image/jpeg
10,LT_AT_Atchison_Franklin.pdf,sample.pdf,36,application/pdf
11,LT_AT_OakMills_Grape.jpeg,sample.jpg,16,image/jpeg
12,LT_AT_OakMills_Grape.pdf,sample.pdf,36,application/pdf
13,LT_BB_FortScott_Blake.jpeg,sample.jpg,16,image/jpeg
14,LT_BB_FortScott_Blake.pdf,sample.pdf,36,application/pdf
15,LT_BB_Hiattville_Davis.jpeg,sample.jpg,16,image/jpeg
16,LT_BB_Hiattville_Davis.pdf,sample.pdf,36,application/pdf
17,LT_BB_Hiattville_Vincent.jpeg,sample.jpg,16,image/jpeg
18,LT_BB_Hiattville_Vincent.pdf,sample.pdf,36,application/pdf
19,LT_BT_Dogtrot-Galatia_Schmidt.jpeg,sample.jpg,16,image/jpeg
20,LT_BT_Dogtrot-Galatia_Schmidt.pdf,sample.pdf,36,application/pdf
21,LT_BU_Bodarc_Voth.jpeg,sample.jpg,16,image/jpeg
22,LT_BU_Bodarc_Voth.pdf,sample.pdf,36,application/pdf
23,LT_BU_Chelsea_Morris.jpeg,sample.jpg,16,image/jpeg
24,LT_BU_Chelsea_Morris.pdf,sample.pdf,36,application/pdf
25,LT_CA_AshlandCashCityandSitka_York.jpeg,sample.jpg,16,image/jpeg
28,LT_CA_AshlandCashCityandSitka_York.pdf,sample.pdf,36,application/pdf
31,LT_CD_Huscher_Theres.jpeg,sample.jpg,16,image/jpeg
32,LT_CD_Huscher_Theres.pdf,sample.pdf,36,application/pdf
33,LT_CD_Minersville_Martin.jpeg,sample.jpg,16,image/jpeg
34,LT_CD_Minersville_Martin.pdf,sample.pdf,36,application/pdf
35,LT_CD_Sibley_Woellhof.jpeg,sample.jpg,16,image/jpeg
36,LT_CD_Sibley_Woellhof.pdf,sample.pdf,36,application/pdf
37,LT_CF_Ottumwa_Wheeler.jpeg,sample.jpg,16,image/jpeg
38,LT_CF_Ottumwa_Wheeler.pdf,sample.pdf,36,application/pdf
39,LT_CS_Saffordville_Leverich.jpeg,sample.jpg,16,image/jpeg
40,LT_CS_Saffordville_Leverich.pdf,sample.pdf,36,application/pdf
41,LT_CY_Bethany-Hillside_Richmeier.jpeg,sample.jpg,16,image/jpeg
42,LT_CY_Bethany-Hillside_Richmeier.pdf,sample.pdf,36,application/pdf
43,LT_CY_Broughton_Morgan.pdf,sample.pdf,36,application/pdf
44,LT_CY_Broughton_Morgan1.jpg,sample.jpg,16,image/jpeg
45,LT_CY_Broughton_Morgan2.jpg,sample.jpg,16,image/jpeg
46,LT_CY_Broughton_Morgan3.jpg,sample.jpg,16,image/jpeg
47,LT_CY_FancyCreek_Cook.jpeg,sample.jpg,16,image/jpeg
48,LT_CY_FancyCreek_Cook.pdf,sample.pdf,36,application/pdf
49,LT_CY_FiveCreeks_Wood.jpeg,sample.jpg,16,image/jpeg
50,LT_CY_FiveCreeks_Wood.pdf,sample.pdf,36,application/pdf
51,LT_CY_GatesvilleSiding_Schnee.jpeg,sample.jpg,16,image/jpeg
52,LT_CY_GatesvilleSiding_Schnee.pdf,sample.pdf,36,application/pdf
53,LT_CY_Hillside_Colwell.jpeg,sample.jpg,16,image/jpeg
54,LT_CY_Hillside_Colwell.pdf,sample.pdf,36,application/pdf
55,LT_CY_Idana_Regier-Beran-Golway.jpeg,sample.jpg,16,image/jpeg
56,LT_CY_Idana_Regier-Beran-Golway.pdf,sample.pdf,36,application/pdf
57,LT_CY_Iwacura_Hess.jpeg,sample.jpg,16,image/jpeg
58,LT_CY_Iwacura_Hess.pdf,sample.pdf,36,application/pdf
59,LT_CY_Longford_Todd.jpeg,sample.jpg,16,image/jpeg
60,LT_CY_Longford_Todd.pdf,sample.pdf,36,application/pdf
61,LT_CY_Madura_Cox.jpeg,sample.jpg,16,image/jpeg
62,LT_CY_Madura_Cox.pdf,sample.pdf,36,application/pdf
63,LT_CY_Mulberry_Lynk.jpeg,sample.jpg,16,image/jpeg
64,LT_CY_Mulberry_Lynk.pdf,sample.pdf,36,application/pdf
65,LT_CY_OakHill_Schnee.pdf,sample.pdf,36,application/pdf
66,LT_CY_OakHill_Schnee1.jpeg,sample.jpg,16,image/jpeg
67,LT_CY_OakHill_Schnee2.jpeg,sample.jpg,16,image/jpeg
68,LT_CY_OakHill_Schnee3.jpeg,sample.jpg,16,image/jpeg
69,LT_CY_OakHill_Schnee4.jpeg,sample.jpg,16,image/jpeg
70,LT_CY_OakHill_Schnee5.jpeg,sample.jpg,16,image/jpeg
71,LT_CY_OakHill_Schnee6.jpeg,sample.jpg,16,image/jpeg
72,LT_CY_Sherman_Vincent.pdf,sample.pdf,36,application/pdf
73,LT_CY_Sherman_Vincent1.jpeg,sample.jpg,16,image/jpeg
74,LT_CY_Sherman_Vincent2.jpeg,sample.jpg,16,image/jpeg
75,LT_CY_Sherman_Vincent3.jpeg,sample.jpg,16,image/jpeg
76,LT_CY_Swedesburg_Potenski.jpeg,sample.jpg,16,image/jpeg
77,LT_CY_Swedesburg_Potenski.pdf,sample.pdf,36,application/pdf
78,LT_DG_Clearfield_Sturm.jpeg,sample.jpg,16,image/jpeg
79,LT_DG_Clearfield_Sturm.pdf,sample.pdf,36,application/pdf
80,LT_DG_TwinMound_Combes.jpeg,sample.jpg,16,image/jpeg
81,LT_DG_TwinMound_Combes.pdf,sample.pdf,36,application/pdf
82,LT_DK_Buckeye_Harlow.jpeg,sample.jpg,16,image/jpeg
83,LT_DK_Buckeye_Harlow.pdf,sample.pdf,36,application/pdf
84,LT_DK_Dillon_Stroda.jpeg,sample.jpg,16,image/jpeg
85,LT_DK_Dillon_Stroda.pdf,sample.pdf,36,application/pdf
88,LT_DK_Holland_May.jpeg,sample.jpg,16,image/jpeg
89,LT_DK_Holland_May.pdf,sample.pdf,36,application/pdf
90,LT_DK_Hope_Kohman.pdf,sample.pdf,36,application/pdf
91,LT_DK_Hope_Kohman1.jpeg,sample.jpg,16,image/jpeg
92,LT_DK_Hope_Kohman2.jpeg,sample.jpg,16,image/jpeg
93,LT_DK_Moonlight_Caldwell.jpeg,sample.jpg,16,image/jpeg
94,LT_DK_Moonlight_Caldwell-Ivey.pdf,sample.pdf,36,application/pdf
95,LT_DK_Navarre_Coup.jpeg,sample.jpg,16,image/jpeg
96,LT_DK_Navarre_Coup.pdf,sample.pdf,36,application/pdf
97,LT_DK_NewChillicothe_Nuss.jpeg,sample.jpg,16,image/jpeg
98,LT_DK_NewChillicothe_Nuss.pdf,sample.pdf,36,application/pdf
99,LT_DK_Pearl_Riggs.jpeg,sample.jpg,16,image/jpeg
100,LT_DK_Pearl_Riggs.pdf,sample.pdf,36,application/pdf
101,LT_DP_Doniphan_Masters.jpeg,sample.jpg,16,image/jpeg
102,LT_DP_Doniphan_Masters.pdf,sample.pdf,36,application/pdf
103,LT_DP_DoniphanAndGrandVillageDesCanzes_Martello.jpeg,sample.jpg,16,image/jpeg
104,LT_DP_DoniphanAndGrandVillageDesCanzes_Martello.pdf,sample.pdf,36,application/pdf
105,LT_DP_Severance_Schneider.jpeg,sample.jpg,16,image/jpeg
106,LT_DP_Severance_Schneider.pdf,sample.pdf,36,application/pdf
107,LT_EL_Chetolah_Wheeler.jpeg,sample.jpg,16,image/jpeg
108,LT_EL_Chetolah_Wheeler.pdf,sample.pdf,36,application/pdf
109,LT_EW_Langley_Watkins.jpeg,sample.jpg,16,image/jpeg
110,LT_EW_Langley_Watkins.pdf,sample.pdf,36,application/pdf
111,LT_EW_Langley_Watkins_updated PDF.pdf,sample.pdf,36,application/pdf
112,LT_FI_Eminence.jpeg,sample.jpg,16,image/jpeg
113,LT_FI_Eminence_Doll.pdf,sample.pdf,36,application/pdf
114,LT_FR_Berea_Raitinger.jpeg,sample.jpg,16,image/jpeg
115,LT_FR_Berea_Raitinger.pdf,sample.pdf,36,application/pdf
116,LT_FR_Lane_Engle.jpeg,sample.jpg,16,image/jpeg
117,LT_FR_Lane_Engle.pdf,sample.pdf,36,application/pdf
118,LT_FR_Silkville_Angermayer.jpeg,sample.jpg,16,image/jpeg
119,LT_FR_Silkville_Angermayer.pdf,sample.pdf,36,application/pdf
120,LT_GE_WhiskeyPoint_Stowers.jpeg,sample.jpg,16,image/jpeg
121,LT_GE_WhiskeyPoint_Stowers.pdf,sample.pdf,36,application/pdf
122,LT_GH_Morland_Helberg.jpeg,sample.jpg,16,image/jpeg
123,LT_GH_Morland_Helberg.pdf,sample.pdf,36,application/pdf
124,LT_GO_Orion_Zerr.pdf,sample.pdf,36,application/pdf
125,LT_GO_Orion_Zerr1.jpeg,sample.jpg,16,image/jpeg
126,LT_GO_Orion_Zerr2.jpeg,sample.jpg,16,image/jpeg
127,LT_HG_MortonCity_Brown.jpeg,sample.jpg,16,image/jpeg
128,LT_HG_MortonCity_Brown.pdf,sample.pdf,36,application/pdf
129,LT_HM_Coolidge_Barth.jpeg,sample.jpg,16,image/jpeg
130,LT_HM_Coolidge_Barth.pdf,sample.pdf,36,application/pdf
131,LT_HM_FortAubrey_Ivey.jpeg,sample.jpg,16,image/jpeg
132,LT_HM_FortAubrey_Ivey.pdf,sample.pdf,36,application/pdf
133,LT_HV_AltaMills_Peters.jpeg,sample.jpg,16,image/jpeg
134,LT_HV_AltaMills_Peters.pdf,sample.pdf,36,application/pdf
135,LT_JA_Delia_Horner.jpeg,sample.jpg,16,image/jpeg
136,LT_JA_Delia_Horner.pdf,sample.pdf,36,application/pdf
137,LT_JA_Hoyt_Offerman.jpeg,sample.jpg,16,image/jpeg
138,LT_JA_Hoyt_Offerman.pdf,sample.pdf,36,application/pdf
139,LT_JC_Delia_Kirme.pdf.pdf,sample.pdf,36,application/pdf
140,LT_JC_Delia_Kirmer.jpeg.jpg,sample.jpg,16,image/jpeg
141,LT_JC_Denison_Eaves.jpeg,sample.jpg,16,image/jpeg
142,LT_JC_Denison_Eaves.pdf,sample.pdf,36,application/pdf
143,LT_JF_Ozawkie_Milleret.pdf,sample.pdf,36,application/pdf
144,LT_JF_Ozawkie_Milleret1.jpeg,sample.jpg,16,image/jpeg
145,LT_JF_Ozawkie_Milleret2.jpeg,sample.jpg,16,image/jpeg
146,LT_JF_Perry_Scott.jpeg,sample.jpg,16,image/jpeg
147,LT_JF_Perry_Scott.pdf,sample.pdf,36,application/pdf
148,LT_JF_Winchester_Bertels.jpeg,sample.jpg,16,image/jpeg
149,LT_JF_Winchester_Bertels.pdf,sample.pdf,36,application/pdf
150,LT_JO_Aubry_Edwards.jpeg,sample.jpg,16,image/jpeg
151,LT_JO_Aubry_Edwards.pdf,sample.pdf,36,application/pdf
152,LT_JO_Hector_Noonen.jpeg,sample.jpg,16,image/jpeg
153,LT_JO_Hector_Noonen.pdf,sample.pdf,36,application/pdf
154,LT_JO_Lanesfield_Angles.jpeg,sample.jpg,16,image/jpeg
155,LT_JO_Lanesfield_Angles.pdf,sample.pdf,36,application/pdf
156,LT_JO_MahaffieStagecoachFarm_Brockman.pdf,sample.pdf,36,application/pdf
157,LT_JO_MahaffieStagecoahFarm_Brockman.jpeg,sample.jpg,16,image/jpeg
158,LT_JO_Squiresville_Laidacker.jpeg,sample.jpg,16,image/jpeg
159,LT_JO_Squiresville_Laidacker.pdf,sample.pdf,36,application/pdf
160,LT_JO_Stanley_Page.jpeg,sample.jpg,16,image/jpeg
161,LT_JO_Stanley_Page.pdf,sample.pdf,36,application/pdf
162,LT_JO_TuscaroraLake_Morris.jpeg,sample.jpg,16,image/jpeg
163,LT_JO_TuscaroraLake_Morris.pdf,sample.pdf,36,application/pdf
164,LT_KM_Murdock_Smith.jpeg,sample.jpg,16,image/jpeg
165,LT_KM_Murdock_Smith.pdf,sample.pdf,36,application/pdf
166,LT_KM_Waterloo_Sowers.jpeg,sample.jpg,16,image/jpeg
167,LT_KM_Waterloo_Sowers.pdf,sample.pdf,36,application/pdf
168,LT_LV_Jarbalo_Harrell.jpeg,sample.jpg,16,image/jpeg
169,LT_LV_Jarbalo_Harrell.pdf,sample.pdf,36,application/pdf
170,LT_LV_Kickapoo_Baker.jpeg,sample.jpg,16,image/jpeg
171,LT_LV_Kickapoo_Baker.pdf,sample.pdf,36,application/pdf
172,LT_LV_Springdale_Baker.jpeg,sample.jpg,16,image/jpeg
173,LT_LV_Springdale_Baker.pdf,sample.pdf,36,application/pdf
174,LT_LY_Americus_Ladd.jpeg,sample.jpg,16,image/jpeg
175,LT_LY_Americus_Ladd.pdf,sample.pdf,36,application/pdf
176,LT_MC_SolomonRapids_Thiessen.jpeg,sample.jpg,16,image/jpeg
177,LT_MC_SolomonRapids_Thiessen.pdf,sample.pdf,36,application/pdf
178,LT_MC_Tipton_Bechard.jpeg,sample.jpg,16,image/jpeg
179,LT_MC_Tipton_Bechard.pdf,sample.pdf,36,application/pdf
180,LT_MC_WacondaSprings_Kelley.pdf,sample.pdf,36,application/pdf
181,LT_MC_WacondaSprings_Kelley1.jpeg,sample.jpg,16,image/jpeg
182,LT_MC_WacondaSprings_Kelley2.jpeg,sample.jpg,16,image/jpeg
183,LT_MN_Ramona_Hilburn.jpeg,sample.jpg,16,image/jpeg
184,LT_MN_Ramona_Hilburn.pdf,sample.pdf,36,application/pdf
185,LT_MR_DiamodSprings_Blythe.jpeg,sample.jpg,16,image/jpeg
186,LT_MR_DiamonsSprings_Blythe.pdf.pdf,sample.pdf,36,application/pdf
187,LT_MR_Skiddy_Scribner.jpeg,sample.jpg,16,image/jpeg
188,LT_MR_Skiddy_Scribner.pdf,sample.pdf,36,application/pdf
189,LT_MR_WhiteCity_Hollis.jpeg,sample.jpg,16,image/jpeg
190,LT_MR_WhiteCity_Hollis.pdf,sample.pdf,36,application/pdf
191,LT_MR_WilseyAndHelmick_Adam.jpeg,sample.jpg,16,image/jpeg
192,LT_MR_WilseyAndHelmick_Adam.pdf,sample.pdf,36,application/pdf
193,LT_MS_Bigelow_Broxterman.jpeg,sample.jpg,16,image/jpeg
194,LT_MS_Bigelow_Broxterman.pdf,sample.pdf,36,application/pdf
195,LT_MS_Irving_Allen.pdf,sample.pdf,36,application/pdf
196,LT_MS_Irving_Allen1.jpeg,sample.jpg,16,image/jpeg
197,LT_MS_Irving_Allen2.jpeg,sample.jpg,16,image/jpeg
198,LT_MS_Irving_Allen3.jpeg,sample.jpg,16,image/jpeg
199,LT_MS_Irving_Allen4.jpeg,sample.jpg,16,image/jpeg
200,LT_NM_Albany_Grimm.jpeg,sample.jpg,16,image/jpeg
201,LT_NM_Albany_Grimm.pdf,sample.pdf,36,application/pdf
202,LT_NM_AmericaCity_Hermesch.jpeg,sample.jpg,16,image/jpeg
203,LT_NM_AmericaCity_Hermesch.pdf,sample.pdf,36,application/pdf
204,LT_NM_Goff_Hermesch.jpeg,sample.jpg,16,image/jpeg
205,LT_NM_Goff_Hermesch.pdf,sample.pdf,36,application/pdf
206,LT_NM_LogChain_Deters.jpeg,sample.jpg,16,image/jpeg
207,LT_NM_LogChain_Deters.pdf,sample.pdf,36,application/pdf
208,LT_NM_Oneida_Pfrang.jpeg,sample.jpg,16,image/jpeg
209,LT_NM_Oneida_Pfrang.pdf,sample.pdf,36,application/pdf
210,LT_NM_Richmond_Bergman.jpeg,sample.jpg,16,image/jpeg
211,LT_NM_Richmond_Bergman.pdf,sample.pdf,36,application/pdf
212,LT_NO_Island_Beardmore.jpeg,sample.jpg,16,image/jpeg
213,LT_NO_Island_Beardmore.pdf,sample.pdf,36,application/pdf
214,LT_NO_Jacksonville_Roberts.jpeg,sample.jpg,16,image/jpeg
215,LT_NO_Jacksonville_Roberts.pdf,sample.pdf,36,application/pdf
216,LT_NO_Ladore_Mog.jpeg,sample.jpg,16,image/jpeg
217,LT_NO_Ladore_Mog.pdf,sample.pdf,36,application/pdf
218,LT_NT_Neighborville_Milnes.jpeg,sample.jpg,16,image/jpeg
219,LT_NT_Neighborville_Milnes.pdf,sample.pdf,36,application/pdf
220,LT_NT_Oronoque_Field.jpeg,sample.jpg,16,image/jpeg
221,LT_NT_Oronoque_Field.pdf,sample.pdf,36,application/pdf
222,LT_NT_Oronoque_Field_UpdatedPDF.pdf,sample.pdf,36,application/pdf
223,LT_NT_Rayville_Hutchinson.jpeg,sample.jpg,16,image/jpeg
224,LT_NT_Rayville_Hutchinson.pdf,sample.pdf,36,application/pdf
225,LT_OB_Bloomington_Mick.jpeg,sample.jpg,16,image/jpeg
226,LT_OB_Bloomington_Mick.pdf,sample.pdf,36,application/pdf
227,LT_OT_Niles_Sullivan.jpeg,sample.jpg,16,image/jpeg
228,LT_OT_Niles_Sullivan.pdf,sample.pdf,36,application/pdf
229,LT_PR_Iuka_Howard.jpeg,sample.jpg,16,image/jpeg
230,LT_PR_Iuka_Howard.pdf,sample.pdf,36,application/pdf
231,LT_PT_BellegardAndMariadahl_Doll-Manbeck.jpeg,LT_PT_BellegardAndMariadahl_Doll-Manbeck.jpeg,185,image/jpeg
233,LT_PT_BellegardAndMariadahl_Doll-Manbeck.pdf,LT_PT_BellegardAndMariadahl_Doll-Manbeck.pdf,1814,application/pdf
235,LT_PT_BloodCreek_Morgan-Gent-Schnee.jpeg,LT_PT_BloodCreek_Morgan-Gent-Schnee.jpeg,35,image/jpeg
236,LT_PT_BloodCreek_Morgan-Gent-Schnee.pdf,LT_PT_BloodCreek_Morgan-Gent-Schnee.pdf,1388,application/pdf
237,LT_PT_Duluth_Hahn.jpeg,LT_PT_Duluth_Hahn.jpeg,22,image/jpeg
238,LT_PT_Duluth_Hahn.pdf,LT_PT_Duluth_Hahn.pdf,1614,application/pdf
239,LT_PT_ElbowCommunity_Beauchaine.jpeg,LT_PT_ElbowCommunity_Beauchaine.jpeg,85,image/jpeg
240,LT_PT_ElbowCommunity_Beauchaine.pdf,LT_PT_ElbowCommunity_Beauchaine.pdf,1989,application/pdf
241,LT_PT_ElmSlough_Strathe.jpeg,LT_PT_ElmSlough_Strathe.jpeg,186,image/jpeg
242,LT_PT_ElmSlough_Strathe.pdf,LT_PT_ElmSlough_Strathe.pdf,1406,application/pdf
243,LT_PT_Flush_Dunham.jpeg,LT_PT_Flush_Dunham.jpeg,20,image/jpeg
244,LT_PT_Flush_Dunham.pdf,LT_PT_Flush_Dunham.pdf,257,application/pdf
245,LT_PT_Garrison_Gent.jpeg,LT_PT_Garrison_Gent.jpeg,51,image/jpeg
246,LT_PT_Garrison_Gent.pdf,LT_PT_Garrison_Gent.pdf,343,application/pdf
247,LT_PT_Havenseville_Mangus.jpeg,LT_PT_Havenseville_Mangus.jpeg,19,image/jpeg
248,LT_PT_Havenseville_Mangus.pdf,LT_PT_Havenseville_Mangus.pdf,206,application/pdf
249,LT_PT_Juniata_French.pdf,LT_PT_Juniata_French.pdf,783,application/pdf
250,LT_PT_Juniata_French1.jpeg,LT_PT_Juniata_French1.jpeg,10,image/jpeg
251,LT_PT_Juniata_French2.jpeg,LT_PT_Juniata_French2.jpeg,26,image/jpeg
252,LT_PT_Laclede_Cook.jpeg,LT_PT_Laclede_Cook.jpeg,7,image/jpeg
253,LT_PT_Laclede_Cook.pdf,LT_PT_Laclede_Cook.pdf,311,application/pdf
254,LT_PT_LacledeSt.ClereAndFlush_Pettus.jpeg,LT_PT_LacledeSt.ClereAndFlush_Pettus.jpeg,35,image/jpeg
256,LT_PT_LacledeSt.ClereAndFlush_Pettus.pdf,LT_PT_LacledeSt.ClereAndFlush_Pettus.pdf,2322,application/pdf
258,LT_PT_Mariadahl_Butler.jpeg,LT_PT_Mariadahl_Butler.jpeg,17,image/jpeg
259,LT_PT_Mariadahl_Butler.pdf,LT_PT_Mariadahl_Butler.pdf,277,application/pdf
260,LT_PT_OtterCreekAndSpringside_Stratton.jpeg,LT_PT_OtterCreekAndSpringside_Stratton.jpeg,332,image/jpeg
262,LT_PT_OtterCreekAndSpringside_Stratton.pdf,LT_PT_OtterCreekAndSpringside_Stratton.jpeg,547,application/pdf
264,LT_PT_StClere_Wilson.jpeg,LT_PT_StClere_Wilson.jpeg,36,image/jpeg
265,LT_PT_StClere_Wilson.pdf,LT_PT_StClere_Wilson.pdf,547,application/pdf
266,LT_PT_SwampAngel_Haddock.jpeg,LT_PT_SwampAngel_Haddock.jpeg,18,image/jpeg
267,LT_PT_SwampAngel_Haddock.pdf,LT_PT_SwampAngel_Haddock.pdf,1855,application/pdf
268,LT_PT_Wheaton_Barnes.jpeg,LT_PT_Wheaton_Barnes.jpeg,14,image/jpeg
269,LT_PT_Wheaton_Barnes.pdf,LT_PT_Wheaton_Barnes.pdf,2669,application/pdf
270,LT_RA_Ludell_Solko.jpeg,LT_RA_Ludell_Solko.jpeg,1886,image/jpeg
271,LT_RA_Ludell_Solko.pdf,LT_RA_Ludell_Solko.pdf,806,application/pdf
272,LT_RH_Liebenthal_Miller.jpeg,LT_RH_Liebenthal_Miller.jpeg,50,image/jpeg
273,LT_RH_Liebenthal_Miller.pdf,LT_RH_Liebenthal_Miller.pdf,1808,application/pdf
274,LT_RL_BlasingSprings_Pollock.jpeg,LT_RL_BlasingSprings_Pollock.jpeg,87,image/jpeg
275,LT_RL_BlasingSprings_Pollock.pdf,LT_RL_BlasingSprings_Pollock.pdf,1599,application/pdf
276,LT_RL_Bodaville_McKeon.jpeg,LT_RL_Bodaville_McKeon.jpeg,380,image/jpeg
277,LT_RL_Bodaville_McKeon.pdf,LT_RL_Bodaville_McKeon.pdf,1294,application/pdf
278,LT_RL_EurekaLake_Woodson.jpeg,LT_RL_EurekaLake_Woodson.jpeg,291,image/jpeg
279,LT_RL_EurekaLake_Woodson.pdf,LT_RL_EurekaLake_Woodson.pdf,904,application/pdf
281,LT_RL_Magic_Porter.jpeg,LT_RL_Magic_Porter.jpeg,159,image/jpeg
282,LT_RL_Magic_Porter.pdf,LT_RL_Magic_Porter.pdf,982,application/pdf
283,LT_RL_MayDay_Garver.jpeg,LT_RL_MayDay_Garver.jpeg,51,image/jpeg
284,LT_RL_MayDay_Garver.pdf,LT_RL_MayDay_Garver.pdf,209,application/pdf
285,LT_RL_MoehlmansBottoms_Brummett.pdf,LT_RL_MoehlmansBottoms_Brummett.pdf,4797,application/pdf
286,LT_RL_MoehlmansBottoms_Brummett1.jpeg,LT_RL_MoehlmansBottoms_Brummett1.jpeg,44,image/jpeg
287,LT_RL_MoehlmansBottoms_Brummett2.jpeg,LT_RL_MoehlmansBottoms_Brummett2.jpeg,30,image/jpeg
288,LT_RL_PoliskaAndTauromee_Bohn.jpeg,LT_RL_PoliskaAndTauromee_Bohn.jpeg,164,image/jpeg
290,LT_RL_PoliskaAndTauromee_Bohn.pdf,LT_RL_PoliskaAndTauromee_Bohn.pdf,629,application/pdf
292,LT_RL_Walsburg_Adcock.jpeg,LT_RL_Walsburg_Adcock.jpeg,85,image/jpeg
293,LT_RL_Walsburg_Adcock.pdf,LT_RL_Walsburg_Adcock.pdf,5721,application/pdf
294,LT_RL_Winkler_Winkler.jpeg,LT_RL_Winkler_Winkler.jpeg,15,image/jpeg
295,LT_RL_Winkler_Winkler.pdf,LT_RL_Winkler_Winkler.pdf,2427,application/pdf
296,LT_RL_Zeandale_Boisclair.jpeg,LT_RL_Zeandale_Boisclair.jpeg,24,image/jpeg
297,LT_RL_Zeandale_Boisclair.pdf,LT_RL_Zeandale_Boisclair.pdf,216,application/pdf
298,LT_RN_Ost_Hein.jpeg,sample.jpg,16,image/jpeg
299,LT_RN_Ost_Hein.pdf,sample.pdf,36,application/pdf
300,LT_RO_Webster_Chesney.jpeg,sample.jpg,16,image/jpeg
301,LT_RO_Webster_Chesney.pdf,sample.pdf,36,application/pdf
302,LT_RP_Haworth_Hall.jpeg,sample.jpg,16,image/jpeg
303,LT_RP_Haworth_Hall.pdf,sample.pdf,36,application/pdf
304,LT_RP_Ida_Durflinger.jpeg,sample.jpg,16,image/jpeg
305,LT_RP_Ida_Durflinger.pdf,sample.pdf,36,application/pdf
306,LT_RP_WhiteRockTownshipAndWhiteRockCity_Clark.jpeg,sample.jpg,16,image/jpeg
307,LT_RP_WhiteRockTownshipAndWhiteRockCity_Clark.pdf,sample.pdf,36,application/pdf
308,LT_SA_Brookville_Shaw.jpeg,sample.jpg,16,image/jpeg
309,LT_SA_Brookville_Shaw.pdf,sample.pdf,36,application/pdf
310,LT_SA_Gypsum_Scneller.jpeg,sample.jpg,16,image/jpeg
311,LT_SA_Gypsum_Scneller.pdf,sample.pdf,36,application/pdf
312,LT_SC_Manning_Davis.jpeg,sample.jpg,16,image/jpeg
313,LT_SC_Manning_Davis.pdf,sample.pdf,36,application/pdf
314,LT_SC_Pence_Shearmire.jpeg,sample.jpg,16,image/jpeg
315,LT_SC_Pence_Shearmire.pdf,sample.pdf,36,application/pdf
316,LT_SD_PortByron_Campbell.jpeg,sample.jpg,16,image/jpeg
317,LT_SD_PortByron_Campbell.pdf,sample.pdf,36,application/pdf
318,LT_SF_Seward_Piland.jpeg,sample.jpg,16,image/jpeg
319,LT_SF_Seward_Piland.pdf,sample.pdf,36,application/pdf
320,LT_SG_Anness_Jackson.jpeg,sample.jpg,16,image/jpeg
321,LT_SG_Anness_Jackson.pdf,sample.pdf,36,application/pdf
322,LT_SG_Clonmel_Barnes.jpeg,sample.jpg,16,image/jpeg
323,LT_SG_Clonmel_Barnes.pdf,sample.pdf,36,application/pdf
324,LT_SG_StMarysAleppo_Copeland.jpeg,sample.jpg,16,image/jpeg
325,LT_SG_StMarysAleppo_Copeland.pdf,sample.pdf,36,application/pdf
326,LT_SG_Waco_Jantz.jpeg,sample.jpg,16,image/jpeg
327,LT_SG_Waco_Jantz.pdf,sample.pdf,36,application/pdf
328,LT_SH_Edson_Hansen.jpeg,sample.jpg,16,image/jpeg
329,LT_SH_Edson_Hansen.pdf,sample.pdf,36,application/pdf
330,LT_SM_Germantown_Thompson.jpeg,sample.jpg,16,image/jpeg
331,LT_SM_Germantown_Thompson.pdf,sample.pdf,36,application/pdf
332,LT_SM_JW_Dispatch_Hocking.jpeg,sample.jpg,16,image/jpeg
333,LT_SM_JW_Dispatch_Hocking.pdf,sample.pdf,36,application/pdf
334,LT_SN_Dover_Rutledge.pdf,sample.pdf,36,application/pdf
335,LT_SN_Dover_Rutledge1.jpg,sample.jpg,16,image/jpeg
336,LT_SN_Dover_Rutledge2.jpg,sample.jpg,16,image/jpeg
337,LT_SN_Dover_Rutledge3.jpg,sample.jpg,16,image/jpeg
338,LT_SN_Menoken_Gonzalez.jpeg,sample.jpg,16,image/jpeg
339,LT_SN_Menoken_Gonzalez.pdf,sample.pdf,36,application/pdf
340,LT_SN_SugarWorks_Todd.jpeg,sample.jpg,16,image/jpeg
341,LT_SN_SugarWorks_Todd.pdf,sample.pdf,36,application/pdf
342,LT_SN_Tecumseh_Weber.jpeg,sample.jpg,16,image/jpeg
343,LT_SN_Tecumseh_Weber.pdf,sample.pdf,36,application/pdf
344,LT_SN_Wakarusa_Simmons.pdf,sample.pdf,36,application/pdf
345,LT_SN_Wakarusa_Simmons1.jpeg,sample.jpg,16,image/jpeg
346,LT_SN_Wakarusa_Simmons2.jpeg,sample.jpg,16,image/jpeg
347,LT_WB_BeanSchool_Schendt.jpeg,sample.jpg,16,image/jpeg
348,LT_WB_BeanSchool_Schendt.pdf,sample.pdf,36,application/pdf
349,LT_WB_BourassasMill_Slagel.pdf,sample.pdf,36,application/pdf
350,LT_WB_BourassasMill_Slagel_1.jpeg,sample.jpg,16,image/jpeg
351,LT_WB_BourassasMill_Slagel_2.jpeg,sample.jpg,16,image/jpeg
352,LT_WB_Bradford_Bauer.jpeg,sample.jpg,16,image/jpeg
353,LT_WB_Bradford_Bauer.pdf,sample.pdf,36,application/pdf
354,LT_WB_Chalk_Spachek.jpeg,sample.jpg,16,image/jpeg
355,LT_WB_Chalk_Spachek.pdf,sample.pdf,36,application/pdf
356,LT_WB_EarlyPaxico_Saenger.jpeg,sample.jpg,16,image/jpeg
357,LT_WB_EarlyPaxico_Saenger.pdf,sample.pdf,36,application/pdf
358,LT_WB_Harveyville_Sage.jpeg,sample.jpg,16,image/jpeg
359,LT_WB_Harveyville_Sage.pdf,sample.pdf,36,application/pdf
360,LT_WB_Keene_Ratliff.jpeg,sample.jpg,16,image/jpeg
361,LT_WB_Keene_Ratliff.pdf,sample.pdf,36,application/pdf
362,LT_WB_Newbury_Haynos.jpeg,sample.jpg,16,image/jpeg
363,LT_WB_Newbury_Haynos.pdf,sample.pdf,36,application/pdf
364,LT_WB_OldWabaunsee_Rivers.jpeg,sample.jpg,16,image/jpeg
365,LT_WB_OldWabaunsee_Rivers.pdf,sample.pdf,36,application/pdf
366,LT_WB_Pavilion_Scribner.jpeg,sample.jpg,16,image/jpeg
367,LT_WB_Pavilion_Scribner.pdf,sample.pdf,36,application/pdf
368,LT_WB_Volland_Laidacker.jpeg,sample.jpg,16,image/jpeg
369,LT_WB_Volland_Laidacker.pdf,sample.pdf,36,application/pdf
370,LT_WH_Coronado_Harkness.jpeg,sample.jpg,16,image/jpeg
371,LT_WH_Coronado_Harkness.pdf,sample.pdf,36,application/pdf
372,LT_WO_Toronto_Zarich.jpeg,sample.jpg,16,image/jpeg
373,LT_WO_Toronto_Zarich.pdf,sample.pdf,36,application/pdf
374,LT_WS_Barnes_Tanner.jpeg,sample.jpg,16,image/jpeg
375,LT_WS_Barnes_Tanner.pdf,sample.pdf,36,application/pdf
376,LT_WS_Emmons_Green.jpeg,sample.jpg,16,image/jpeg
377,LT_WS_Emmons_Green.pdf,sample.pdf,36,application/pdf
378,LT_WS_Haddam_Hanson.jpeg,sample.jpg,16,image/jpeg
379,LT_WS_Haddam_Hanson.pdf,sample.pdf,36,application/pdf
380,LT_WS_Hanover_Carnes.jpeg,sample.jpg,16,image/jpeg
381,LT_WS_Hanover_Carnes.pdf,sample.pdf,36,application/pdf
382,LT_WS_HollenbergStation_Rhodes.jpeg,sample.jpg,16,image/jpeg
383,LT_WS_HollenbergStation_Rhodes.pdf,sample.pdf,36,application/pdf
384,LT_WS_Mahaska_Berryhill.jpeg,sample.jpg,16,image/jpeg
385,LT_WS_Mahaska_Berryhill.pdf,sample.pdf,36,application/pdf
386,LT_WS_Palmer_Peters.jpeg,sample.jpg,16,image/jpeg
387,LT_WS_Palmer_Peters.pdf,sample.pdf,36,application/pdf
388,LT_WS_Parallel_Messer.jpeg,sample.jpg,16,image/jpeg
389,LT_WS_Parallel_Messer.pdf,sample.pdf,36,application/pdf
390,LT_WS_Strawberry_Whetstone.jpeg,sample.jpg,16,image/jpeg
391,LT_WS_Strawberry_Whetstone.pdf,sample.pdf,36,application/pdf
